TICKER;PRECO;DY;P/L;P/VP;P/ATIVOS;MARGEM BRUTA;MARGEM EBIT;MARG. LIQUIDA;P/EBIT;EV/EBIT;DIVIDA LIQUIDA / EBIT;DIV. LIQ. / PATRI.;PSR;P/CAP. GIRO;P. AT CIR. LIQ.;LIQ. CORRENTE;ROE;ROA;ROIC;PATRIMONIO / ATIVOS;PASSIVOS / ATIVOS;GIRO ATIVOS;CAGR RECEITAS 5 ANOS;CAGR LUCROS 5 ANOS; LIQUIDEZ MEDIA DIARIA; VPA; LPA; PEG Ratio; VALOR DE MERCADO
AAIC;2,73;0;22,4;0,36;0,07;100;103,49;14,11;3,06;32,21;29,15;3,45;3,16;0;-0,07;0;1,61;0,32;2,1;0,2;0,8;0,02;-30,1;0;0;7,55;0,12;0;77.441.091,00
AAT;17,4;7,41;24,28;0,87;0,35;63,93;27;10,29;9,26;23,34;14,08;1,32;2,5;0;-0,35;0;3,56;1,46;3,96;0,41;0,59;0,14;6,06;8,39;0;20,11;0,72;0;1.056.489.720,00
ABR;11,19;17,61;7,06;0,69;0,12;99,06;402,85;124,77;2,19;15,51;13,32;4,17;8,81;0;-0,12;0;9,7;1,67;5,49;0,17;0,83;0,01;3,69;34,73;0;16,33;1,58;0;2.012.170.134,00
ACC;65,42;0;154,52;2,95;1,22;51,87;18,95;6;48,96;67,23;18,27;1,1;9,28;0;-1,22;0;1,91;0,79;2,8;0,41;0,58;0,13;3,69;-18,56;0;22,18;0,42;0;9.124.977.860,00
ACRE;8,83;15,18;16,19;0,65;0,19;100;3.602,21;1.114,71;5,01;21,29;16,28;2,1;180,46;0;-0,19;0;3,98;1,18;3,86;0,3;0,7;0;0;-0,41;0;13,69;0,55;0;482.178.044,00
ADC;68,36;4,14;42,51;1,33;0,92;87,84;52,25;33,74;27,45;35,96;8,51;0,41;14,34;0;-0,92;0;3,13;2,16;3,38;0,69;0,31;0,06;30,97;21,27;0;51,33;1,61;0;6.164.253.624,00
AFCG;12,02;18,55;6,85;0,73;0,47;0;0;0;5,63;6,01;0,38;0,05;0;0;-0,47;0;10,6;6,92;8,62;0,65;0,35;0;0;0;0;16,55;1,75;0;246.280.184,00
AFIN;8,23;0;-97,09;0,58;0,28;74,05;20,65;-3,17;14,92;39,26;24,35;0,94;3,08;0;-0,28;0;-0,59;-0,28;1,93;0,48;0,52;0,09;11,83;0;0;14,3;-0,08;0;1.016.458.495,00
AFINO;25,7;0;-303,19;1,8;0,86;74,05;20,65;-3,17;46,58;39,26;24,35;0,94;9,62;0;-0,86;0;-0,59;-0,28;1,93;0,48;0,52;0,09;11,83;0;0;14,3;-0,08;0;1.016.458.495,00
AFINP;26,01;0;-306,85;1,82;0,87;74,05;20,65;-3,17;47,15;39,26;24,35;0,94;9,74;0;-0,87;0;-0,59;-0,28;1,93;0,48;0,52;0,09;11,83;0;0;14,3;-0,08;0;1.016.458.495,00
AGNC;9,74;14,78;-4,59;0,71;0,11;0;0;0;-9,91;-17,68;-7,78;0,56;0;0;-0,11;0;-15,49;-2,36;-3,87;0,15;0,85;0;0;0;0;13,7;-2,12;0;5.597.158.206,00
AGNCM;20,77;8,28;-9,79;1,52;0,23;0;0;0;-21,13;-17,68;-7,78;0,56;0;0;-0,23;0;-15,49;-2,36;-3,87;0,15;0,85;0;0;0;0;13,7;-2,12;0;5.597.158.206,00
AGNCN;24,63;7,66;-11,61;1,8;0,27;0;0;0;-25,05;-17,68;-7,78;0,56;0;0;-0,27;0;-15,49;-2,36;-3,87;0,15;0,85;0;0;0;0;13,7;-2,12;0;5.597.158.206,00
AGNCO;20,75;7,83;-9,78;1,52;0,23;0;0;0;-21,1;-17,68;-7,78;0,56;0;0;-0,23;0;-15,49;-2,36;-3,87;0,15;0,85;0;0;0;0;13,7;-2,12;0;5.597.158.206,00
AGNCP;19,5;7,85;-9,19;1,42;0,22;0;0;0;-19,83;-17,68;-7,78;0,56;0;0;-0,22;0;-15,49;-2,36;-3,87;0,15;0,85;0;0;0;0;13,7;-2,12;0;5.597.158.206,00
AHH;11,53;6,24;12,35;1,21;0,35;33,95;30,71;13,92;5,6;5,71;0,12;0,02;1,72;0;-0,35;0;9,76;2,82;17,7;0,29;0,71;0,2;8,45;28,85;0;9,56;0,93;0;780.740.114,00
AHT;3,07;0;-0,76;-0,7;0,03;32,63;7,44;-11,27;1,15;36,89;35,75;0;0,09;-0,03;-0,03;0,15;-92,98;-3,57;2,32;-0,04;1,03;0,32;-2,92;0;0;-4,36;-4,05;0;105.899.957,00
AIC;23,25;7,26;190,78;3,08;0,61;100;103,49;14,11;26,02;32,21;29,15;3,45;26,93;0;-0,61;0;1,61;0,32;2,1;0,2;0,8;0,02;-30,1;0;0;7,55;0,12;0;77.441.091,00
AIRC;34,08;5,28;5,62;2,36;0,78;66,23;140,93;116,79;4,66;7,72;3,06;1,55;6,57;0;-0,78;0;41,9;13,79;18,74;0,33;0,66;0,12;-5,1;24,13;0;14,46;6,06;0;5.081.437.056,00
AIV;6,91;0,29;13,68;1,89;0,48;62,28;96,28;39,78;5,65;10,74;5,09;1,7;5,44;0;-0,48;0;13,82;3,47;9,7;0,25;0,67;0,09;-28,31;-24,84;0;3,65;0,51;0;1.035.983.132,00
AIW;25;0;205,14;3,31;0,66;100;103,49;14,11;27,98;32,21;29,15;3,45;28,95;0;-0,66;0;1,61;0,32;2,1;0,2;0,8;0,02;-30,1;0;0;7,55;0,12;0;77.441.091,00
AJX;5,94;17,68;-8,08;0,41;0,09;100;153,13;-113,57;5,99;42,22;36,23;2,48;9,18;0;-0,09;0;-5,07;-1,15;1,37;0,23;0,77;0,01;0;0;0;14,5;-0,74;0;137.399.922,00
AJXA;24,04;7,54;-32,7;1,66;0,37;100;153,13;-113,57;24,26;42,22;36,23;2,48;37,14;0;-0,37;0;-5,07;-1,15;1,37;0,23;0,77;0,01;0;0;0;14,5;-0,74;0;137.399.922,00
AKR;13,06;5,51;-35,47;0,74;0,29;68,76;4,59;-10,86;83,98;201,61;117,62;1,04;3,85;0;-0,29;0;-2,1;-0,82;0,43;0,39;0,59;0,08;5,59;0;0;17,57;-0,37;0;1.257.222.206,00
ALEX;17,66;4,87;46,96;1,14;0,69;31,58;8,28;6,69;37,93;51,6;13,67;0,41;3,14;0;-0,69;0;2,42;1,48;0,98;0,61;0,39;0,22;-11,54;0;0;15,53;0,38;0;1.282.006.508,00
ALX;189,87;9,48;16,83;4,1;0,69;56,05;41,9;28;11,25;21,41;10,17;3,71;4,71;0;-0,69;0;24,37;4,12;6,5;0,17;0,83;0,15;-2,25;-6,47;0;46,31;11,28;0;969.723.051,00
AMH;30,01;2,53;43,29;1,67;0,89;55,4;29,85;16,82;24,4;29,07;4,67;0,32;7,28;0;-0,89;0;3,86;2,06;4,88;0,53;0,47;0,12;9,19;27,52;0;17,96;0,69;0;10.856.810.731,00
AMT;201,35;2,91;53,1;16,83;1,4;69,53;26,68;16,49;32,81;45,6;12,79;6,56;8,75;-19,99;-1,47;0,44;31,69;2,63;6,4;0,08;0,92;0,16;9,96;7,34;0;11,97;3,79;0;93.757.842.235,00
ANH;2,98;0;-2,68;0,72;0,12;0;0;0;-5,03;24,95;29,98;-4,31;0;0;-0,12;0;-27,04;-4,64;-9,45;0,17;0,82;0;0;0;0;4,12;-1,11;0;295.925.866,36
APLE;14,8;5,34;23,37;1,06;0,71;58,82;16,67;11,69;16,39;23,34;6,95;0,45;2,73;0;-0,71;0;4,56;3,03;4,39;0,67;0,33;0,26;0;-4,52;0;13,9;0,63;0;3.384.221.280,00
APTS;25;0;105,44;1,4;0,43;69,54;28,71;3,83;14,06;33,84;19,77;1,96;4,04;0;-0,43;0;1,32;0,41;3,21;0,31;0,69;0,11;20,97;0;0;17,91;0,24;0;1.611.075.000,00
ARE;120,87;3,91;40,6;1,1;0,59;69,75;29,65;19,91;27,26;39,37;12,12;0,49;8,08;0;-0,59;0;2,72;1,45;2,63;0,53;0,47;0,07;18,07;29,11;0;109,61;2,98;0;20.921.037.777,00
ARI;8,99;15,57;4,96;0,54;0,13;100;863,26;412,54;2,37;14,62;12,25;2,79;20,46;0;-0,13;0;10,87;2,68;5,86;0,25;0,75;0,01;0;6,56;0;16,67;1,81;0;1.269.981.340,00
ARR;4,78;24,69;-3,96;0,83;0,1;0;0;0;-8,44;-12,09;-3,64;0,36;0;0;-0,1;0;-20,94;-2,47;-6,7;0,12;0,88;0;0;0;0;5,77;-1,21;0;921.462.588,00
AVB;161,51;3,94;19,88;2,01;1,1;100;53,26;43,83;16,36;21,95;5,59;0,69;8,71;0;-1,1;0;10,1;5,56;6,93;0,55;0,45;0,13;3,74;5,21;0;80,43;8,12;0;22.598.495.351,00
BDN;4,44;17,12;14,29;0,47;0,2;63,67;24,88;10,54;6,06;21,52;15,47;1,2;1,51;0;-0,2;0;3,28;1,38;3,5;0,42;0,58;0,13;-0,56;-14,84;0;9,47;0,31;0;762.470.988,00
BFS;36,19;6,47;22,19;2,16;0,47;73,76;44,73;15,86;7,87;18,87;11;3,02;3,52;0;-0,47;0;9,74;2,13;6,77;0,22;0,78;0,13;1,67;0,79;0;16,75;1,63;0;865.433.184,00
BHR;4,06;1,97;25,79;0,65;0,11;33,47;11,28;1,55;3,55;16,86;13,31;2,45;0,4;-0,24;-0,13;0,26;2,53;0,43;4,1;0,17;0,65;0,28;10,09;-5,06;0;6,21;0,16;0;268.091.950,00
BNL;16,68;6,47;25,45;1;0,57;94,66;51,39;29,97;14,84;24,4;9,56;0,65;7,63;0;-0,57;0;3,95;2,24;4,07;0,57;0,43;0,07;17,55;17,38;0;16,6;0,66;0;3.107.418.948,00
BPYU;18,52;0;-0,83;0,44;0,03;57,68;-4,09;-57,47;-11,61;-274,32;-262,7;9,86;0,48;0;-0,03;0;-52,7;-4,04;-0,55;0,08;0,88;0,07;-8,65;0;0;42,49;-22,39;0;710.173.476,00
BPYUP;25,2;0;-1,13;0,59;0,05;57,68;-4,09;-57,47;-15,8;-274,32;-262,7;9,86;0,65;0;-0,05;0;-52,7;-4,04;-0,55;0,08;0,88;0,07;-8,65;0;0;42,49;-22,39;0;710.173.476,00
BRG;26,6;1,22;18,42;16,07;0,31;63,36;34,4;18,88;10,11;22,56;12,45;19,78;3,48;0;-0,31;0;87,2;1,67;5,39;0,02;0,59;0,09;22,09;0;0;1,66;1,44;0;813.284.360,00
BRMK;4,32;16,2;-4,89;0,61;0,54;100;-423,11;-457,03;-5,28;-5,68;-0,4;0,05;22,35;0;-0,54;0;-12,54;-11,07;-10,5;0,88;0,12;0,02;-13,38;0;0;7,04;-0,88;0;569.160.000,00
BRT;18,27;5,36;6,84;1,38;0,47;100;94,2;71,65;5,2;11,8;6,6;1,75;4,9;0;-0,47;0;20,21;6,9;9,25;0,34;0,66;0,1;-7,79;54,51;0;13,23;2,67;0;345.430.890,00
BRX;20,01;4,9;16,98;2,1;0,71;74,4;44,89;29,08;11;20,17;9,17;1,75;4,94;0;-0,71;0;12,36;4,2;6,92;0,34;0,66;0,14;-1,04;3,36;0;9,53;1,18;0;6.013.423.209,00
BXMT;17,19;14,43;11,91;0,66;0,12;0;72,07;18,57;3,07;2,77;-0,3;-0,06;2,21;0;-0,12;0;5,5;0,98;21,29;0,18;0,82;0,05;20,01;2,7;0;26,23;1,44;0;2.961.563.679,00
BXP;51,1;7,67;9,44;1,31;0,33;63,47;48,82;27,31;5,28;14,34;9,06;2,24;2,58;0;-0,33;0;13,84;3,51;7,36;0,25;0,75;0,13;3,62;13,44;0;39,11;5,41;0;8.013.639.970,00
CCI;130,26;4,66;33,71;7,58;1,45;70,4;34,21;23,98;23,62;32,58;8,96;2,87;8,08;-37,29;-1,5;0,45;22,49;4,3;8,14;0,19;0,81;0,18;10,42;40,31;0;17,19;3,86;0;56.459.568.750,00
CDR;29;67,31;-7,87;0,89;0,38;63,71;-23,43;-40,14;-13,48;-31,6;-18,12;1,2;3,16;0;-0,38;0;-11,33;-4,89;-3;0,43;0,57;0,12;-3,33;0;0;32,53;-3,69;0;393.103.700,00
CHCT;35,41;5,01;41,85;1,85;1,05;82,97;34,74;22,54;27,16;37,2;10,05;0,69;9,43;0;-1,05;0;4,43;2,51;3,99;0,57;0,43;0,11;21,25;44,38;0;19,09;0,85;0;921.541.709,00
CHMI;5,48;19,71;8,11;0,52;0,1;77,85;83,89;31,47;3,04;-20,79;-23,83;-4,08;2,55;0;-0,1;0;6,42;1,19;8,45;0,19;0,81;0,04;17,33;-14,42;0;10,52;0,68;0;136.441.588,00
CIM;5,22;21,46;-2,28;0,45;0,09;100;-41,6;-122,82;-6,72;-24,33;-17,61;1,19;2,8;0;-0,09;0;-19,93;-3,97;-2,95;0,2;0,8;0,03;-6,51;0;0;11,5;-2,29;0;1.210.134.330,00
CIO;6,48;12,35;22,65;0,32;0,16;62,47;24,76;6,33;5,79;20,4;14,61;0,81;1,43;0;-0,16;0;1,42;0,73;2,98;0,51;0,49;0,11;11,13;24,17;0;20,11;0,29;0;258.725.664,00
CLDT;9,65;0,73;80,86;0,59;0,35;45,48;12,32;1,98;12,98;24,67;11,69;0,53;1,6;0;-0,35;0;0,73;0,43;2,87;0,59;0,41;0,22;-0,47;-20,59;0;16,27;0,12;0;471.423.730,00
CLI;18,35;0;-62,91;1,28;0,37;76,04;-7,77;-8,36;-67,74;-163,38;-95,64;1,8;5,26;0;-0,37;0;-2,03;-0,58;-0,66;0,29;0,6;0,07;-12,02;0;0;14,36;-0,29;0;1.671.382.225,00
CLNC;10,32;0;-2,93;0,86;0,22;43,42;-47,68;-322,28;-19,84;-73,24;-53,41;2,3;9,46;0;-0,22;0;-29,14;-7,34;-1,45;0,25;0,75;0,02;9,43;0;0;12,07;-3,52;0;1.330.917.768,00
CLNY;8,5;0;-0,49;0,19;0,07;65,74;-147,61;-222,45;-0,74;-4,54;-3,79;0,99;1,1;1,6;-0,08;1,65;-39,38;-13,62;-12,42;0,35;0,65;0,06;9,25;0;0;43,68;-17,2;0;1.359.110.050,00
CLPR;6,05;7,85;-20,4;6,9;0,08;52,32;21,3;-3,67;3,52;44,73;41,21;80,8;0,75;0;-0,08;0;-33,8;-0,39;2,33;0,01;0,99;0,11;4,53;0;0;0,88;-0,3;0;97.182.360,00
CMCT;4,5;5,67;18,12;0,28;0,15;41,97;15,67;5,58;6,46;18,42;11,96;0,51;1,01;0;-0,15;0;1,52;0,85;2,44;0,56;0,4;0,15;-19,32;0;0;16,35;0,25;0;102.320.550,00
CMCTP;28,1;5,55;113,13;1,72;0,96;41,97;15,67;5,58;40,31;18,42;11,96;0,51;6,32;0;-0,96;0;1,52;0,85;2,44;0,56;0,4;0,15;-19,32;0;0;16,35;0,25;0;102.320.550,00
CMO;6,5;0;9,33;0,72;0,08;100;121,01;73,55;5,67;66,03;60,36;7,68;6,86;0;-0,08;0;7,73;0,86;1,43;0,11;0,89;0,01;-12,46;0;0;9,01;0,7;0;629.691.400,00
COLD;27,98;3,15;-388,5;2;0,93;23,88;2,67;-0,67;97,05;136,81;39,76;0,82;2,59;0;-0,93;0;-0,52;-0,24;0,85;0,47;0,53;0,36;13,56;0;0;13,98;-0,07;0;7.552.515.490,00
CONE;90,36;0,58;468,41;4,05;1,59;55,95;7,05;2,1;139,42;179,79;40,38;1,17;9,83;-44,32;-1,77;0,74;0,87;0,34;1,19;0,39;0,61;0,16;17,91;4,92;0;22,29;0,19;0;11.850.659.784,00
COR;169,9;0;84,8;-848,5;3,47;67,53;23,16;13,87;50,78;62,8;12,02;0;11,76;0;-3,47;0;-1.000,61;4,09;8,34;0;1;0,29;12,73;24,64;0;-0,2;2;0;7.509.189.230,00
CORR;0,96;15,63;-1,01;0,13;0,03;53,27;6,18;-11,27;1,85;25,37;23,52;1,62;0,11;0;-0,03;0;-12,55;-3,06;1,19;0,24;0,76;0,27;7,5;0;0;7,54;-0,95;0;15.226.272,00
CPLG;15,98;0;-33,36;1,06;0,61;17,49;-0,65;-6,05;-311,32;-437,32;-126;0,43;2,02;0;-0,61;0;-3,19;-1,83;-0,42;0,57;0,43;0,3;0;0;0;15,01;-0,48;0;933.952.698,00
CPT;101,72;3,7;16,61;2,18;1,16;62,94;54,48;45,77;13,95;18,66;4,71;0,73;7,6;0;-1,16;0;13,11;7,01;8,94;0,53;0,47;0,15;9,45;41;0;46,73;6,13;0;10.853.574.860,00
CTO;15,99;14,13;479,74;0,73;0,37;72,23;13,9;0,93;32,16;69,24;37,09;0,84;4,47;0;-0,37;0;0,15;0,08;0,91;0,51;0,49;0,08;16,32;-40,32;0;21,94;0,03;0;367.961.880,00
CTRE;18,64;5,9;-247,12;2,18;1,14;95;12;-4;82,43;113,82;31,39;0,83;9,89;0;-1,14;0;-0,88;-0,46;1,43;0,52;0,48;0,12;7,42;0;0;8,54;-0,08;0;1.854.901.816,00
CTT;10,37;0,72;9,18;2,54;0,99;52,76;72,43;59,22;7,5;11,39;3,89;1,32;5,43;0;-0,99;0;27,7;10,81;13,63;0,39;0,61;0,18;4,53;0;0;4,08;1,13;0;510.983.824,00
CUBE;46,36;3,84;35,75;3,68;1,65;70,95;38,59;28,85;26,73;34,56;7,84;1,08;10,31;0;-1,65;0;10,31;4,6;6,62;0,45;0,54;0,16;12,55;20,68;0;12,58;1,3;0;10.413.911.704,00
CUZ;19,45;6,58;17,67;0,64;0,39;66,11;30,47;21,88;12,69;22,72;10,03;0,5;3,87;0;-0,39;0;3,61;2,21;3,34;0,61;0,39;0,1;10,33;-5,06;0;30,53;1,1;0;2.947.285.730,00
CXP;19,28;0;26,56;0,87;0,55;53,97;42,59;32,85;20,48;32,31;11,83;0,5;8,72;0;-0,55;0;3,29;2,06;2,8;0,63;0,37;0,06;-11,89;21;0;22,06;0,73;0;2.215.246.936,00
CXW;8,98;0;8,37;0,72;0,32;23,39;13,56;6,63;4,09;8,44;4,35;0,76;0,56;16,28;-0,38;1,14;8,54;3,77;7,73;0,44;0,56;0,57;0,89;-7,23;0;12,56;1,07;0;1.024.259.698,00
DBRG;11,1;0,18;-5,52;1,07;0,16;65,06;-18,78;-28,87;-8,49;-21,85;-13,36;1,68;1,59;0;-0,16;0;-19,38;-2,92;-3,27;0,15;0,84;0,1;-15,25;0;0;10,38;-2,01;0;1.776.258.630,00
DEA;13,2;8,03;38,09;0,96;0,42;66,73;27,1;10,72;15,07;30,58;15,51;0,99;4,08;0;-0,42;0;2,53;1,11;3,19;0,44;0,56;0,1;17,58;47,9;0;13,71;0,35;0;1.198.879.440,00
DEI;11,39;9,04;20,61;0,78;0,21;66,4;24,71;9,78;8,16;28,47;20,31;1,95;2,02;0;-0,21;0;3,79;1;3,14;0,26;0,74;0,1;4,12;0,57;0;14,57;0,55;0;2.002.472.483,00
DHC;1,6;2,5;-1,39;0,15;0,06;13,59;17,01;-21,46;1,76;12,54;10,78;0,89;0,3;0;-0,06;0;-10,44;-4,59;3,83;0,44;0,56;0,21;3,62;0;0;11,01;-1,15;0;383.495.520,00
DHCNI;13,02;10,8;-11,33;1,18;0,52;13,59;17,01;-21,46;14,3;12,54;10,78;0,89;2,43;0;-0,52;0;-10,44;-4,59;3,83;0,44;0,56;0,21;3,62;0;0;11,01;-1,15;0;383.495.520,00
DHCNL;13,67;11,43;-11,9;1,24;0,55;13,59;17,01;-21,46;15,01;12,54;10,78;0,89;2,55;0;-0,55;0;-10,44;-4,59;3,83;0,44;0,56;0,21;3,62;0;0;11,01;-1,15;0;383.495.520,00
DLR;100,7;4,85;84,46;1,67;0,71;57;16,53;7,4;37,8;59,49;21,69;0,96;6,25;0;-0,71;0;1,97;0,84;2,15;0,42;0,54;0,11;13,8;8,75;0;60,39;1,19;0;29.319.530.040,00
DOC;14,53;6,33;33,12;1,2;0,68;66,8;35,52;20,25;18,88;28,77;9,89;0,63;6,71;0;-0,68;0;3,64;2,05;3,9;0,56;0,44;0,1;8,99;22,3;0;12,06;0,44;0;3.456.772.727,00
DRE;48,2;1,16;19,55;2,95;1,69;41,81;95,22;85,63;17,58;21,08;3,5;0,59;16,74;0;-1,69;0;15,06;8,66;10,01;0,57;0,43;0,1;8,65;22,27;0;16,37;2,47;0;18.556.648.140,00
DRH;7,76;0,77;16,34;1,02;0,51;33,69;15,04;9,94;10,8;17,96;7,16;0,68;1,62;0;-0,51;0;6,26;3,1;5,33;0,5;0,5;0,31;2,86;3,6;0;7,59;0,47;0;1.626.128.952,00
DX;11,68;14,47;4,64;0,7;0,17;7,73;87,17;51,35;2,73;-0,65;-3,38;-0,86;2,38;0;-0,17;0;15,03;3,76;6,45;0,25;0,75;0,07;20,76;33,4;0;16,74;2,52;0;628.809.152,00
EARN;7,03;14,22;-3,21;0,86;0,09;0;0;0;-6,3;53,85;60,15;-8,23;0;0;-0,09;0;-26,86;-2,87;-13,31;0,11;0,89;0;0;0;0;8,16;-2,19;0;96.883.945,00
EGP;158,56;2,96;37,09;3,54;1,71;100;46,15;38,23;30,72;39,01;8,28;0,95;14,18;0;-1,71;0;9,53;4,61;5,89;0,48;0,52;0,12;12,18;17,48;0;44,84;4,27;0;6.905.985.664,00
ELS;64,91;2,53;42,46;8,36;2,2;47,05;28,87;19,89;29,25;37,69;8,44;2,41;8,44;0;-2,2;0;19,69;5,18;8,34;0,26;0,74;0,26;9,11;8,43;0;7,76;1,53;0;12.084.872.399,00
EPR;35,71;9,24;17,68;1,06;0,47;91,49;46,9;23,11;8,71;17,66;8,95;1,09;4,09;0;-0,47;0;6;2,64;5,68;0,44;0,56;0,11;4,89;-7,69;0;33,68;2,02;0;2.688.527.338,00
EPRT;24,29;4,43;26,14;1,41;0,88;98,8;61,47;46,82;19,91;27,58;7,67;0,54;12,24;0;-0,88;0;5,39;3,35;4,48;0,62;0,38;0,07;39,39;84,37;0;17,24;0,93;0;3.506.283.361,00
EQC;19,57;26,83;68,56;0,76;0,75;100;59,88;49,53;56,71;-11,52;-68,23;-0,92;33,96;0;-0,75;0;1,11;1,1;1,33;0,99;0,01;0,02;-28,61;4,67;0;25,71;0,29;0;2.144.108.770,00
EQIX;690,85;1,84;90,97;5,57;2,11;48,35;16,33;9,7;54,04;65,13;11,09;1,14;8,82;43,68;-2,37;1,8;6,12;2,32;3,99;0,38;0,62;0,24;10,7;24,76;0;124,06;7,59;0;64.072.675.995,00
EQR;57,58;4,34;28,17;1,95;1,08;64,08;40,38;28,29;19,74;26,4;6,66;0,66;7,97;0;-1,08;0;6,93;3,83;5,91;0,55;0,43;0,14;2,05;5,29;0;29,51;2,04;0;21.799.943.466,00
ESRT;6,06;2,31;26,14;1,03;0,24;61,35;22,83;5,16;5,9;17,69;11,79;2,05;1,35;0;-0,24;0;3,93;0,9;5,1;0,23;0,77;0,17;0,49;-8,56;0;5,9;0,23;0;979.961.994,00
ESS;207,19;4,25;32,74;2,34;1,08;68,39;43,95;25,41;18,93;27,34;8,41;1,04;8,32;0;-1,08;0;7,14;3,3;6,04;0,46;0,54;0,13;3,33;3,03;0;88,6;6,33;0;13.367.546.577,00
EXR;159,52;3,84;25,02;6,61;1,77;77,38;58,2;44,73;19,23;24,93;5,7;1,96;11,19;0;-1,77;0;26,4;7,07;10,38;0,27;0,73;0,16;11,73;12,41;0;24,15;6,38;0;21.532.807.200,00
FCPT;26,59;5,03;23,41;2,02;1,04;100;60,28;43,81;17,01;23,69;6,68;0,79;10,26;27,64;-1,1;3,03;8,61;4,45;6,3;0,52;0,48;0,1;10,87;6,49;0;13,2;1,14;0;2.289.095.874,00
FPI;9,66;2,38;62,48;0,9;0,45;76,87;46,28;13,72;18,53;33,53;15;0,73;8,58;0;-0,45;0;1,45;0,72;2,76;0,5;0,4;0,05;5,78;8,08;0;10,69;0,15;0;524.926.332,00
FR;50,79;2,32;18,7;2,73;1,36;73,39;63,38;66,52;19,62;25,53;5,91;0,82;12,44;0;-1,36;0;14,6;7,25;6,89;0,5;0,5;0,11;6,38;9,67;0;18,6;2,72;0;6.715.017.006,00
FRT;91,88;4,69;19,8;2,53;0,91;66,79;64,35;35,13;10,81;17,09;6,28;1,47;6,96;0;-0,91;0;12,78;4,58;9,37;0,36;0,62;0,13;4,62;5,86;0;36,31;4,64;0;7.474.732.016,00
FSP;1,74;6,9;164,2;0,23;0,14;47,2;14,56;0,66;7,45;24,52;17,06;0,54;1,08;0;-0,14;0;0,14;0,09;2,01;0,62;0,38;0,13;-9,49;0;0;7,45;0,01;0;179.630.466,00
GEO;7,57;0;5,47;0,81;0,25;100;18,19;7,23;2,17;6,53;4,36;1,62;0,4;7,98;-0,29;1,27;14,73;4,57;11,74;0,31;0,69;0,63;0,98;3,28;0;9,4;1,38;0;939.540.709,00
GLPI;49,8;6,19;19,08;3,46;1,2;100;78,5;52,2;12,69;18,46;5,77;1,57;9,96;-141,59;-1,22;0,72;18,12;6,26;10,17;0,35;0,65;0,12;6,19;12,46;0;14,4;2,61;0;13.065.254.100,00
GMRE;8,83;9,51;43,44;0,91;0,42;100;32,94;9,7;12,79;26,11;13,32;0,95;4,21;-0,9;-0,45;0,14;2,1;0,96;3,41;0,45;0,55;0,1;35,24;0;0;9,66;0,2;0;578.591.931,00
GNL;12,27;13,04;682,51;0,89;0,32;91,32;31,82;0,49;10,56;29,81;19,25;1,61;3,36;0;-0,32;0;0,13;0,05;2,83;0,36;0,64;0,1;7,88;-12,59;0;13,86;0,02;0;1.273.569.558,00
GOOD;11,66;13,33;74,86;2,3;0,39;81,99;28,01;4,18;11,17;28,53;17,36;3,57;3,13;0;-0,39;0;3,07;0,52;4,38;0,17;0,69;0,12;9,46;9,38;0;5,07;0,16;0;466.250.752,00
GOODM;25,01;0;160,58;4,93;0,83;81,99;28,01;4,18;23,97;28,53;17,36;3,57;6,71;0;-0,83;0;3,07;0,52;4,38;0,17;0,69;0,12;9,46;9,38;0;5,07;0,16;0;466.250.752,00
GOODN;20,05;8,95;128,73;3,95;0,67;81,99;28,01;4,18;19,21;28,53;17,36;3,57;5,38;0;-0,67;0;3,07;0,52;4,38;0,17;0,69;0,12;9,46;9,38;0;5,07;0,16;0;466.250.752,00
GPMT;4,93;19,27;-5,83;0,26;0,08;0;0;0;3,04;17,45;14,41;1,25;0;0;-0,08;0;-4,52;-1,29;3,63;0,28;0,71;0;0;0;0;18,72;-0,85;0;258.960.082,00
GTY;34,72;4,78;18,02;2,14;1,04;86,98;81;54,38;12,1;17,18;5,09;0,9;9,8;0;-1,04;0;11,85;5,76;9,23;0,49;0,51;0,11;6,62;13,8;0;16,26;1,93;0;1.622.736.416,00
HASI;23,88;6,28;52,37;1,33;0,46;100;761,47;191,7;13,18;18,88;5,7;0,58;100,39;0;-0,46;0;2,55;0,87;3,42;0,34;0,66;0;48,75;6,11;0;17,9;0,46;0;2.173.333.128,00
HHC;74,68;0;20,15;1,05;0,39;39,39;22,13;11,47;10,45;20,69;10,25;1,03;2,31;0;-0,39;0;5,21;1,92;3,57;0,37;0,63;0,17;7,89;-2,6;0;71,09;3,71;0;3.719.205.892,00
HIW;20,75;113,56;13,94;0,88;0,36;68,66;32,31;18,89;8,15;19,99;11,84;1,28;2,63;0;-0,36;0;6,32;2,58;4,72;0,41;0,58;0,14;3,36;-3,01;0;23,54;1,49;0;2.183.126.175,00
HR;19,22;34,91;58,51;0,97;0,53;61,07;38,88;14,5;21,82;37,82;16;0,71;8,49;0;-0,53;0;1,65;0,9;2,58;0,55;0,45;0,06;16,75;50,13;0;19,89;0,33;0;7.314.599.606,00
HST;15,34;3,46;17,29;1,63;0,89;66,27;16,81;12,9;13,27;17,57;4,3;0,53;2,23;-21,54;-0,94;0,57;9,43;5,16;7,31;0,55;0,44;0,4;-1,85;2,34;0;9,4;0,89;0;10.944.769.394,00
HT;6,05;2,48;2,15;0,35;0,16;33,16;54,03;27,51;1,1;2,92;1,82;0,59;0,59;0;-0,16;0;16,35;7,5;16,34;0,46;0,54;0,27;-4,02;7,41;0;17,19;2,81;0;240.399.170,00
HTA;29,19;18,84;70,91;2,08;0,98;68,73;24,81;12,13;34,66;50,82;16,16;0,97;8,6;0;-0,98;0;2,94;1,38;3,04;0,47;0,53;0,11;10,72;16,93;0;14,02;0,41;0;6.686.725.521,00
IIPR;80,26;8,85;14,69;1,15;0,93;96,19;63,79;55,38;12,75;13,32;0,57;0,05;8,13;0;-0,93;0;7,8;6,34;7,5;0,81;0,19;0,11;112,22;0;0;70,06;5,46;0;2.247.504.728,00
ILPT;3,01;11,96;-0,38;0,25;0,03;86,96;-3,56;-134,12;-14,28;-311,15;-296,88;5,19;0,51;0;-0,03;0;-65,84;-9,17;-0,28;0,14;0,86;0,07;19,92;0;0;12,06;-7,94;0;197.354.864,00
INDT;65,76;1;109,72;1,69;1,12;77,48;14,06;12,42;96,89;113,65;16,76;0,29;13,63;0;-1,12;0;1,54;1,02;1,12;0,67;0,33;0,08;2,31;5,72;0;38,97;0,6;0;670.383.744,00
INN;6,42;1,87;-274,3;0,72;0,23;76,04;10,42;-0,37;9,75;29,49;19,74;1,45;1,02;-0,5;-0,24;0,12;-0,26;-0,08;2,77;0,32;0,67;0,22;5,57;-56,96;0;8,98;-0,02;0;686.308.272,00
INVH;30,49;3,02;48,63;1,81;1,01;60,94;31,21;17,13;26,69;37,41;10,72;0,73;8,33;0;-1,01;0;3,72;2,07;3,83;0,56;0,44;0,12;16,24;0;0;16,83;0,63;0;18.641.936.635,00
IRM;50,29;4,92;26,27;22,98;0,91;57,11;21,94;10,91;13,07;22,38;9,31;16,38;2,87;-39,49;-1;0,81;87,48;3,45;9,37;0,04;0,95;0,32;5,82;26,77;0;2,19;1,91;0;14.629.164.869,00
IRT;15,49;3,49;29,64;0,97;0,53;59,22;33,03;18,65;16,74;29,2;12,46;0,72;5,53;0;-0,53;0;3,26;1,79;3,33;0,55;0,45;0,1;31,28;31,16;0;16,03;0,52;0;3.474.819.034,00
IVR;10,76;21,28;-1,02;0,52;0,08;0;0;0;-1,19;13,26;14,44;-6,3;0;0;-0,08;0;-50,84;-8,02;-43,53;0,16;0,84;0;0;0;0;20,77;-10,56;0;416.529.284,00
JBGS;14,32;6,28;23,31;0,61;0,28;64,98;29,08;11,56;9,27;21,55;12,28;0,81;2,7;0;-0,28;0;2,61;1,19;3,42;0,45;0,46;0,1;2,21;0;0;23,52;0,61;0;1.632.790.744,00
KIM;17,67;4,98;96,46;1,15;0,61;69,27;16,57;6,56;38,18;62,66;24,48;0,74;6,33;0;-0,61;0;1,19;0,64;1,38;0,53;0,46;0,1;7,55;-21,63;0;15,38;0,18;0;10.930.826.331,00
KRC;28,68;7,39;14,44;0,62;0,31;71,87;31,34;21,2;9,77;21,4;11,63;0,74;3,06;0;-0,31;0;4,28;2,15;3,51;0,5;0,5;0,1;8,82;7,16;0;46,44;1,99;0;3.358.058.028,00
KREF;11,02;15,61;36,19;0,48;0,1;100;2.999,57;234,51;2,83;17,65;14,82;2,54;84,88;0;-0,1;0;1,34;0,27;4,64;0,2;0,8;0;0;-8,39;0;22,74;0,3;0;761.426.900,00
KRG;18,99;4,58;-329,4;1,11;0,57;73,59;11,46;-1,58;45,29;76,71;31,43;0,77;5,19;0;-0,57;0;-0,34;-0,17;1,36;0,51;0,48;0,11;17,45;0;0;17,18;-0,06;0;4.162.313.655,00
LADR;8,99;9,79;8;0,74;0,19;62,05;302,88;117,75;3,11;12,91;9,8;2,34;9,42;0;-0,19;0;9,27;2,39;6,25;0,26;0,74;0,02;-6,5;8,65;0;12,12;1,12;0;1.137.252.980,00
LAMR;93,82;5,49;21,78;7,99;1,47;67,16;28,72;21,57;16,36;21,97;5,61;2,74;4,7;-26,41;-1,56;0,5;36,66;6,77;12,51;0,18;0,82;0,31;5,69;6,69;0;11,75;4,31;0;9.545.987.978,00
LAND;15,64;3,79;118,64;0,76;0,38;96,84;34,13;5,28;18,34;36,91;18,56;0,77;6,26;0;-0,38;0;0,64;0,32;2,24;0,5;0,5;0,06;28,85;0;0;20,48;0,13;0;558.566.960,00
LANDO;22,84;7,11;173,26;1,12;0,56;96,84;34,13;5,28;26,78;36,91;18,56;0,77;9,14;0;-0,56;0;0,64;0,32;2,24;0,5;0,5;0,06;28,85;0;0;20,48;0,13;0;558.566.960,00
LANDP;25,04;0;189,95;1,22;0,61;96,84;34,13;5,28;29,36;36,91;18,56;0,77;10,02;0;-0,61;0;0,64;0,32;2,24;0,5;0,5;0,06;28,85;0;0;20,48;0,13;0;558.566.960,00
LFT;1,94;12,37;15,07;0,41;0,09;0;0;0;2,75;1,94;-0,81;-0,12;0;0;-0,09;0;2,74;0,6;12,57;0,22;0,78;0;0;0;0;4,69;0,13;0;101.328.528,00
LOAN;5,4;11,57;11,91;1,45;0,81;100;60,82;60,81;11,91;17,79;5,88;0,71;7,24;1,29;-188,67;2,75;12,16;6,83;7,08;0,56;0,44;0,11;7,69;8,67;0;3,73;0,45;0;62.072.460,00
LSI;121,19;3,6;28,78;2,85;1,4;73,08;44,93;34,5;22,1;29,3;7,2;0,93;9,93;0;-1,4;0;9,89;4,85;6,66;0,49;0,48;0,14;14,4;30,02;0;42,59;4,21;0;10.308.615.304,00
LTC;33,2;6,87;13,81;1,66;0,83;87,92;101,77;77,54;10,52;16,33;5,8;0,91;10,71;0;-0,83;0;12;6;8,18;0,5;0,5;0,08;-5,26;2,83;0;20,02;2,4;0;1.373.570.320,00
MAA;145,29;3,43;26,73;2,82;1,51;82,47;39,69;31,38;21,13;26,56;5,43;0,73;8,39;0;-1,51;0;10,55;5,64;7,63;0,53;0,46;0,18;5,73;14,19;0;51,5;5,44;0;16.940.639.652,00
MAC;9,39;6,82;-30,56;0,7;0,25;58,37;14,32;-7,69;16,42;50,75;34,33;1,47;2,35;0;-0,25;0;-2,31;-0,82;1,68;0,35;0,65;0,11;-2,87;0;0;13,33;-0,31;0;2.019.098.835,00
MDRR;0,82;7,32;-3,05;0,84;0,17;64,55;-10,62;-43;-12,36;-59,63;-47,26;3,23;1,31;0;-0,17;0;-27,64;-5,42;-1,5;0,2;0,8;0,13;45,09;0;0;0,97;-0,27;0;14.561.888,00
MDRRP;19,77;10,12;-73,62;20,35;3,99;64,55;-10,62;-43;-298,03;-59,63;-47,26;3,23;31,65;0;-3,99;0;-27,64;-5,42;-1,5;0,2;0,8;0,13;45,09;0;0;0,97;-0,27;0;14.561.888,00
MFA;9;14,89;-3,82;0,46;0,1;32,69;40,35;-73,71;6,99;1,9;-5,09;-0,34;2,82;0;-0,1;0;-12,06;-2,63;6,6;0,22;0,78;0,04;-18,11;0;0;19,52;-2,35;0;917.207.100,00
MGP;41,64;1,27;30,31;2,06;0,63;96,71;79,83;27,27;10,35;16,96;6,6;1,31;8,27;0;-0,63;0;6,8;2,08;8,47;0,31;0,69;0,08;10,84;47;0;20,2;1,37;0;6.527.207.412,00
MNR;20,98;0;53,18;1,9;0,93;88,04;56,3;20,7;19,56;29,89;10,33;1;11,01;0;-0,93;0;3,57;1,74;4,81;0,49;0,51;0,08;13,38;30,66;0;11,06;0,39;0;2.066.244.672,00
MPW;7,73;15,01;5,08;0,54;0,24;97,04;62,2;58,97;4,82;15,27;10,45;1,17;3;0;-0,24;0;10,59;4,63;4,79;0,44;0,56;0,08;16,97;28,43;0;14,36;1,52;0;4.624.859.000,00
NHI;50,97;7,06;33,3;1,74;0,88;96,14;43,39;26,19;20,1;30,36;10,26;0,89;8,72;0;-0,88;0;5,23;2,65;4,55;0,51;0,49;0,1;-0,9;-16,06;0;29,28;1,53;0;2.211.522.039,00
NLY;18,4;11,96;3,08;0,84;0,11;0;96,62;75,13;2,4;-1,07;-3,46;-1,21;2,31;0;-0,11;0;27,13;3,45;5,66;0,13;0,87;0,05;2,8;1,91;0;22,01;5,97;0;9.082.517.840,00
NNN;42,03;5,19;22,79;1,85;0,94;96,6;62,44;43,29;15,8;23,9;8,1;0,95;9,87;0;-0,94;0;8,12;4,11;6;0,51;0,49;0,09;5,74;4,78;0;22,72;1,84;0;7.626.822.642,00
NREF;14,91;16,77;9,61;0,63;0,03;0;0;0;2,93;90,55;87,61;18,92;0;0;-0,03;0;6,59;0,28;1,07;0,04;0,94;0;0;0;0;23,53;1,55;0;222.898.536,00
NSA;41,47;5,31;41,28;2,26;0,61;73,67;37,31;11,27;12,47;24,2;11,74;2,13;4,65;0;-0,61;0;5,48;1,49;5,66;0,27;0,73;0,13;24,49;103,66;0;18,33;1;0;3.728.522.083,00
NTST;18,21;4,39;130,19;1,01;0,66;87,85;18,47;8,43;59,43;83,25;23,82;0,4;10,98;0;-0,66;0;0,77;0,51;1,13;0,65;0,35;0,06;0;0;0;18,07;0,14;0;1.056.760.899,00
NXRT;42,25;3,79;-116,57;2,08;0,49;60,89;21,21;-3,51;19,28;48,24;28,95;3,12;4,09;0;-0,49;0;-1,78;-0,42;2,55;0,23;0,76;0,12;12,85;-47,17;0;20,34;-0,36;0;1.079.457.925,00
NYC;8,98;1,11;-0,46;0,06;0,02;42,54;-25,27;-51,66;-0,95;-21,45;-20,5;1,21;0,24;0;-0,02;0;-12,02;-4,64;-2,59;0,39;0,61;0,09;0;0;0;161,26;-19,38;0;17.238.906,00
NYMT;8,94;8,95;-2,74;0,46;0,13;0;-171,57;-243,16;-3,88;-4,89;-1,01;0,12;6,65;0;-0,13;0;-16,9;-4,78;-8,43;0,28;0,71;0,02;-22,5;0;0;19,33;-3,27;0;817.210.764,00
NYMTM;20,55;9,58;-6,29;1,06;0,3;0;-171,57;-243,16;-8,92;-4,89;-1,01;0,12;15,3;0;-0,3;0;-16,9;-4,78;-8,43;0,28;0,71;0,02;-22,5;0;0;19,33;-3,27;0;817.210.764,00
NYMTN;18,31;10,92;-5,61;0,95;0,27;0;-171,57;-243,16;-7,94;-4,89;-1,01;0,12;13,63;0;-0,27;0;-16,9;-4,78;-8,43;0,28;0,71;0,02;-22,5;0;0;19,33;-3,27;0;817.210.764,00
NYMTO;25,06;0;-7,67;1,3;0,37;0;-171,57;-243,16;-10,87;-4,89;-1,01;0,12;18,65;0;-0,37;0;-16,9;-4,78;-8,43;0,28;0,71;0,02;-22,5;0;0;19,33;-3,27;0;817.210.764,00
NYMTP;25,32;0;-7,75;1,31;0,37;0;-171,57;-243,16;-10,99;-4,89;-1,01;0,12;18,85;0;-0,37;0;-16,9;-4,78;-8,43;0,28;0,71;0,02;-22,5;0;0;19,33;-3,27;0;817.210.764,00
O;61,38;4,85;46,63;1,41;0,82;93,23;51,86;26;23,38;33,73;10,35;0,62;12,13;0;-0,82;0;3,03;1,75;3,61;0,58;0,42;0,07;22,43;22,04;0;43,47;1,32;0;40.542.772.842,00
OFC;22,87;4,81;14,86;1,53;0,6;29,82;28,3;23,41;12,29;23,05;10,76;1,34;3,48;0;-0,6;0;10,29;4,06;5,29;0,4;0,6;0,17;3,82;21,07;0;14,96;1,54;0;2.571.091.140,00
OHI;27,04;9,91;14,84;1,76;0,67;98,24;76,22;48,61;9,46;16,91;7,45;1,38;7,21;0;-0,67;0;11,83;4,54;7,47;0,38;0,62;0,09;-0,67;53,76;0;15,41;1,82;0;6.334.595.904,00
OLP;22,28;8,08;11,13;1,49;0,6;83,18;83,82;45,74;6,07;11,19;5,12;1,25;5,09;0;-0,6;0;13,35;5,38;10,41;0,4;0,6;0,12;3,97;11,8;0;14,99;2;0;469.526.492,00
ONL;5,8;6,9;-3,35;0,34;0,21;70,44;-32,24;-47,1;-4,9;-12,43;-7,53;0,52;1,58;0;-0,21;0;-10,06;-6,24;-4,49;0,62;0,38;0,13;0;0;0;17,2;-1,73;0;328.506.200,00
OPI;12,22;18;-97,14;0,43;0,15;84,69;18,25;-1,1;5,87;29,8;23,93;1,75;1,07;0;-0,15;0;-0,44;-0,15;2,64;0,35;0,65;0,14;11,86;0;0;28,55;-0,13;0;593.453.302,00
OPINI;25,04;0;-199,06;0,88;0,31;84,69;18,25;-1,1;12,02;29,8;23,93;1,75;2,19;0;-0,31;0;-0,44;-0,15;2,64;0,35;0,65;0,14;11,86;0;0;28,55;-0,13;0;593.453.302,00
OPINL;16,72;9,53;-132,92;0,59;0,2;84,69;18,25;-1,1;8,03;29,8;23,93;1,75;1,47;0;-0,2;0;-0,44;-0,15;2,64;0,35;0,65;0,14;11,86;0;0;28,55;-0,13;0;593.453.302,00
ORC;9,97;13,49;-1,51;0,89;0,1;0;0;0;-1,98;17,18;19,16;-8,59;0;0;-0,1;0;-58,9;-6,69;-44,12;0,11;0,89;0;0;0;0;11,23;-6,61;0;389.646.543,00
OUT;15,06;7,97;16,8;2,03;0,41;48,57;16,21;8,35;8,65;17,75;9,1;2,13;1,4;-15,41;-0,44;0,71;12,07;2,47;7,16;0,2;0,78;0,3;3,11;3,29;0;7,43;0,9;0;2.484.609.342,00
PCH;48,99;5,57;11,69;1,72;1,1;39,37;32,06;25,09;9,15;10,76;1,61;0,3;2,93;11,77;-1,27;3,37;14,75;9,4;10,96;0,64;0,36;0,37;14,42;31,03;0;28,4;4,19;0;3.903.655.473,00
PEAK;20,74;5,79;22,78;1,7;0,72;100;33,37;24,43;16,68;26,04;9,37;0,96;5,56;0;-0,72;0;7,48;3,16;5,14;0,42;0,57;0,13;2,6;3,86;0;12,17;0,91;0;11.340.269.050,00
PEB;13,2;0,3;-15,14;0,56;0,27;36,53;1,1;-7,89;108,8;261,58;152,78;0,78;1,19;-0,6;-0,28;0,08;-3,67;-1,79;0,28;0,49;0,51;0,23;12,59;0;0;23,79;-0,87;0;1.662.972.960,00
PEI;2,45;0;-0,09;-0,17;0,01;56,71;-5,82;-47,01;-0,75;-100,37;-99,61;0;0,04;0;-0,01;0;-178,73;-7,49;-1,03;-0,04;1,04;0,16;-5,81;0;0;-14,72;-26,31;0;13.155.275,00
PGRE;4,3;7,21;-40,12;0,26;0,11;100;16,06;-3,14;7,85;36,35;28,51;0,94;1,26;0;-0,11;0;-0,65;-0,28;1,56;0,42;0,58;0,09;0,59;0;0;16,56;-0,11;0;933.025.180,00
PINE;15,81;6,93;7,48;0,85;0,39;100;96,22;65,75;5,11;10,98;5,88;0,98;4,92;0;-0,39;0;11,36;5,18;8,2;0,46;0,54;0,08;0;0;0;18,61;2,11;0;222.212.712,00
PK;11,54;2,43;15,82;0,59;0,26;65,73;16,79;6,48;6,1;14,86;8,76;0,85;1,02;3,35;-0,3;3,12;3,73;1,66;4,69;0,45;0,55;0,26;-2,17;-42,71;0;19,54;0,73;0;2.562.702.802,00
PLD;116,03;2,79;31,9;2,01;1,22;79,82;66,96;56,23;26,79;32,69;5,9;0,44;17,94;0;-1,22;0;6,31;3,82;5,01;0,61;0,39;0,07;17,94;15,43;0;57,65;3,64;0;107.145.466.870,00
PLYM;20,53;4,29;-52,32;1,88;0,58;69,16;8,24;-9,2;58,42;116,98;58,56;1,88;4,81;0;-0,58;0;-3,59;-1,11;1,09;0,31;0,66;0,12;49,21;0;0;10,95;-0,39;0;883.424.377,00
PMT;11,36;15,93;-9,64;0,51;0,07;79,84;83,82;-22,77;2,62;-0,78;-3,4;-0,67;2,2;0;-0,07;0;-5,34;-0,75;4,55;0,14;0,86;0,03;0;0;0;22,08;-1,18;0;1.009.814.256,00
PSA;295,67;7,49;12,55;5,16;2,96;74,82;54,2;99,05;22,93;25,61;2,69;0,61;12,43;0;-2,96;0;41,12;23,6;13,38;0,57;0,43;0,24;9,4;29,99;0;57,31;23,57;0;51.966.190.458,00
PSB;187,44;3,48;11,84;2,91;2,39;70,28;137,87;98,58;8,47;8,33;-0,14;-0,05;11,68;0;-2,39;0;24,56;20,18;33,97;0,82;0,18;0,2;2,55;48,15;0;64,43;15,82;0;5.178.479.856,00
PSTL;14,43;6,48;73,7;1,24;0,57;76,01;19;7,23;28,03;47,23;19,2;0,85;5,33;0;-0,57;0;1,68;0,77;2,38;0,46;0,54;0,11;0;0;0;11,65;0,2;0;284.030.019,00
PW;3,85;0;5,13;0,25;0,13;100;59,54;31,61;2,72;10,32;7,6;0,7;1,62;0;-0,13;0;4,87;2,45;5,16;0,5;0,41;0,08;33,75;0;0;15,42;0,75;0;13.050.345,00
QTS;77,95;0;1.850,29;2,85;1,39;66,15;7,08;0,55;144,95;183,57;38,62;0,76;10,27;0;-1,39;0;0,15;0,07;1,09;0,49;0,51;0,14;11,64;-4,79;0;27,33;0,04;0;6.009.726.740,00
RC;9,46;17,55;5,62;0,58;0,09;0;0;0;1,65;8,02;6,37;2,25;0;0;-0,09;0;10,4;1,6;9,93;0,15;0,85;0;0;36,6;0;16,17;1,68;0;1.047.528.504,00
RCA;24,9;7,03;14,8;1,54;0,24;0;0;0;4,35;8,02;6,37;2,25;0;0;-0,24;0;10,4;1,6;9,93;0,15;0,85;0;0;36,6;0;16,17;1,68;0;1.047.528.504,00
RCB;22,81;6,8;13,56;1,41;0,22;0;0;0;3,99;8,02;6,37;2,25;0;0;-0,22;0;10,4;1,6;9,93;0,15;0,85;0;0;36,6;0;16,17;1,68;0;1.047.528.504,00
RCP;25,23;0;15;1,56;0,24;0;0;0;4,41;8,02;6,37;2,25;0;0;-0,24;0;10,4;1,6;9,93;0,15;0,85;0;0;36,6;0;16,17;1,68;0;1.047.528.504,00
REG;56,65;4,5;20,1;1,59;0,89;71,74;46,93;39,45;16,9;23,39;6,49;0,61;7,93;0;-0,89;0;7,92;4,45;5,81;0,56;0,44;0,11;4,46;38,92;0;35,59;2,82;0;9.704.592.535,00
REXR;57,47;2,19;71,79;1,72;1,22;76,16;34,55;24,95;51,84;60,98;9,14;0,3;17,91;0;-1,22;0;2,4;1,7;2,54;0,71;0,29;0,07;31,44;32,71;0;33,33;0,8;0;11.306.297.233,00
RHP;84,44;0,41;36,86;48,89;1,15;44,95;17,84;7;14,46;21,97;7,51;25,38;2,58;-1,75;-1,42;0,22;132,63;3,13;9,58;0,02;0,98;0,45;8,8;-7,69;0;1,73;2,29;0;4.658.293.036,00
RITM;7,72;12,95;4,12;0,53;0,11;100;80,08;34,59;1,78;7,92;6,14;1,82;1,43;0;-0,11;0;12,78;2,73;5,9;0,21;0,79;0,08;43,31;-0,59;0;14,66;1,87;0;3.657.198.688,00
RLJ;10,03;1,2;70,62;0,68;0,33;63,44;11,47;1,93;11,91;24,19;12,28;0,7;1,37;0;-0,33;0;0,96;0,46;2,92;0,49;0,51;0,24;-2,52;-10,94;0;14,85;0,14;0;1.630.507.893,00
ROIC;12,63;4,59;30,34;1,21;0,52;100;36,65;16,58;13,72;25,82;12,1;1,07;5,03;-1,06;-0,55;0,09;4;1,73;4,26;0,43;0,57;0,1;2,75;6,16;0;10,4;0,42;0;1.573.823.037,00
RPAI;13,15;0;143,6;1,79;0,78;83,92;21,52;4,32;28,84;45,98;17,14;1,06;6,21;0;-0,78;0;1,25;0,54;2,95;0,44;0,56;0,13;-6,57;-33,92;0;7,35;0,09;0;2.824.592.385,00
RPT;8,93;5,94;9,98;0,8;0,4;74,2;55,76;35,54;6,36;9,88;3,51;0,44;3,55;0;-0,4;0;8,05;3,97;6,68;0,49;0,51;0,11;-3,87;4,01;0;11,11;0,89;0;772.296.762,00
RWT;6,74;13,65;-4,68;0,71;0,06;0;0;0;2,08;10,33;8,26;2,81;0;0;-0,06;0;-15,09;-1,25;7,18;0,08;0,92;0;0;0;0;9,54;-1,44;0;765.588.512,00
RYN;31,74;3,59;43,67;2,51;1,23;24,29;18,52;11,78;27,77;36,09;8,32;0,75;5,14;43,68;-1,3;2,12;5,74;2,83;4,7;0,49;0,51;0,24;2,09;-6,37;0;12,66;0,73;0;4.675.905.060,00
SAFE;29,95;2,34;13,8;0,87;0,32;98,85;97,89;50,1;7,06;19,51;12,44;1,54;6,91;0;-0,32;0;6,32;2,31;4,67;0,37;0,63;0,05;63,36;0;0;34,32;2,17;0;1.868.802.130,00
SBAC;255,98;1,16;59,94;-5,24;2,61;74,61;35,15;17,52;29,87;43,57;13,7;0;10,5;-129,21;-2,74;0,69;-8,75;4,36;11,32;-0,5;1,5;0,25;8,8;34,8;0;-48,84;4,27;0;27.655.823.220,00
SBRA;10,69;11,23;-31,84;0,81;0,43;100;21,72;-13,21;19,37;38,6;19,23;0,8;4,21;0;-0,43;0;-2,54;-1,35;2,27;0,53;0,47;0,1;8,5;0;0;13,22;-0,34;0;2.471.093.986,00
SELF;5,22;5,41;19,34;1,19;0,85;65,68;32,51;25,73;15,31;18,23;2,92;0,23;4,98;0;-0,85;0;6,16;4,41;5,72;0,72;0,28;0,17;16,13;53,58;0;4,38;0,27;0;57.970.710,00
SITC;11,69;4,45;15,61;1,18;0,61;69,23;44,77;28,53;9,94;16,76;6,82;0,81;4,45;0;-0,61;0;7,55;3,9;6,5;0,52;0,48;0,14;-9,73;0;0;9,92;0,75;0;2.459.265.046,00
SKT;18,07;4,65;23,01;3,84;0,85;67,48;28,06;18,54;15,2;24,57;9,37;2,37;4,27;0;-0,85;0;16,69;3,7;6,47;0,22;0,78;0,2;-1,94;3,83;0;4,7;0,79;0;1.888.277.053,00
SLG;23,57;15,31;-17,73;0,33;0,12;62,23;-2,2;-10,35;-83,29;-339,11;-255,81;1,02;1,84;0;-0,12;0;-1,87;-0,69;-0,18;0,37;0,59;0,07;-11,37;0;0;71,23;-1,33;0;1.517.094.835,00
SNR;8,82;0;-27,24;4,07;0,43;39,07;9,48;-8,4;24,14;71,62;47,47;7,99;2,29;0;-0,43;0;-14,93;-1,56;1,84;0,1;0,88;0,19;-2,84;0;0;2,17;-0,32;0;741.437.424,00
SOHO;2;0;4,74;0,78;0,09;26,7;20,54;5,01;1,15;10,3;9,15;6,15;0,24;0;-0,09;0;16,4;1,96;8,65;0,12;0,88;0,39;-3,55;0;0;2,57;0,42;0;37.903.000,00
SOHOB;24,02;2,08;56,9;9,33;1,11;26,7;20,54;5,01;13,86;10,3;9,15;6,15;2,85;0;-1,11;0;16,4;1,96;8,65;0,12;0,88;0,39;-3,55;0;0;2,57;0,42;0;37.903.000,00
SOHON;23,78;2,17;56,33;9,24;1,1;26,7;20,54;5,01;13,73;10,3;9,15;6,15;2,82;0;-1,1;0;16,4;1,96;8,65;0,12;0,88;0,39;-3,55;0;0;2,57;0,42;0;37.903.000,00
SOHOO;23,95;2,06;56,74;9,3;1,11;26,7;20,54;5,01;13,82;10,3;9,15;6,15;2,84;0;-1,11;0;16,4;1,96;8,65;0,12;0,88;0,39;-3,55;0;0;2,57;0,42;0;37.903.000,00
SPG;104,31;6,76;15,96;10,87;1,03;81,08;47,35;40,37;13,61;23,32;9,71;7,75;6,44;0;-1,03;0;68,06;6,47;8,92;0,1;0,9;0,16;-0,87;1,89;0;9,6;6,53;0;34.102.224.765,00
SQFT;1,04;14,13;-4,47;0,28;0,04;67,04;30,11;-16,14;2,4;16,63;14,24;1,68;0,72;0;-0,04;0;-6,31;-0,99;3,6;0,16;0,4;0,06;-9,94;0;0;3,68;-0,23;0;12.722.424,00
SRC;38,73;6,72;19,89;1,2;0,65;100;57,09;38,88;13,55;22,37;8,83;0,78;7,73;0;-0,65;0;6,03;3,25;4,95;0,54;0,46;0,08;10,59;29,92;0;32,28;1,95;0;5.472.719.412,00
STAG;31,91;4,58;32,13;1,69;0,93;80,88;39,59;27,09;21,99;31,64;9,66;0,74;8,71;0;-0,93;0;5,26;2,88;4,39;0,55;0,45;0,11;16,9;41,66;0;18,87;0,99;0;5.722.388.390,00
STAR;6,74;36,25;1,43;0,42;0,18;56,18;-68,15;282,9;-5,93;-8,37;-2,44;0,17;4,04;0;-0,18;0;29,08;12,59;-3,21;0,43;0,57;0,04;-24,05;19,12;0;16,22;4,72;0;585.274.640,00
STOR;32,22;3,66;28,36;1,7;0,87;100;61,2;38,95;18,05;27,57;9,52;0,9;11,05;0;-0,87;0;6,01;3,06;4,94;0,51;0,49;0,08;15,41;16,82;0;18,91;1,14;0;9.108.136.476,00
STWD;16,74;11,47;5,97;0,8;0,07;-10,23;990,77;481,11;2,9;4,06;1,16;0,32;28,71;0;-0,07;0;13,49;1,1;19,42;0,08;0,91;0;-10,38;16,81;0;20,8;2,81;0;5.200.269.282,00
SUI;134,14;2,62;68,79;2,13;0,97;48,23;17,31;8,25;32,76;47,44;14,68;0,96;5,67;0;-0,97;0;3,1;1,42;3,27;0,46;0,53;0,17;24,46;30,06;0;62,93;1,95;0;16.646.666.688,00
SVC;9,59;4,38;-11,99;1,14;0,21;34,12;11,12;-7,11;7,66;33,94;26,28;3,92;0,85;0;-0,21;0;-9,53;-1,77;2,94;0,19;0,81;0,25;-3,02;0;0;8,39;-0,8;0;1.587.143.082,00
TCI;43,72;0;0,94;0,5;0,32;47,17;113,16;1.252,05;10,43;8,51;-1,92;-0,09;11,81;0;-0,32;0;52,67;34,4;-5,67;0,65;0,35;0,03;-19,21;202,67;0;88,03;46,37;0;377.710.196,00
TRMT;5,22;0;6,68;0,48;0,18;0;0;0;3,88;3,13;-0,75;-0,09;0;0;-0,18;0;7,23;2,63;12,33;0,36;0,64;0;0;0;0;10,81;0,78;0;43.390.206,00
TRNO;60,77;2,44;25,5;2,25;1,59;75,05;80,32;71,38;22,66;26,13;3,47;0,35;18,2;0;-1,59;0;8,84;6,23;7,33;0,7;0,3;0,09;15,83;30,12;0;26,95;2,38;0;5.027.441.330,00
TRTX;6,84;14,04;-7,91;0,4;0,1;100;3.552,79;-2.350,40;5,23;2,72;-2,51;-0,19;185,85;0;-0,1;0;-5,07;-1,21;7,62;0,24;0,76;0;10,92;0;0;17,08;-0,87;0;529.486.452,00
TWO;13,7;8,1;6,14;0,54;0,09;0;0;0;2,03;3,24;1,21;0,32;0;0;-0,09;0;8,83;1,43;11,92;0,16;0,84;0;0;-8,77;0;25,28;2,23;0;1.183.332.020,00
UBA;17,12;5,62;24,52;1,19;0,68;66,55;38,8;18,83;11,9;17,62;5,72;0,57;4,62;0;-0,68;0;4,87;2,76;6,27;0,57;0,37;0,15;2,98;-5,59;0;14,34;0,7;0;673.285.088,00
UBP;15,75;5,51;22,56;1,1;0,62;66,55;38,8;18,83;10,95;17,62;5,72;0,57;4,25;0;-0,62;0;4,87;2,76;6,27;0,57;0,37;0,15;2,98;-5,59;0;14,34;0,7;0;673.285.088,00
UDR;38,91;3,91;155,22;3,13;1,16;65,66;16,4;5,44;51,47;73,61;22,14;1,34;8,44;0;-1,16;0;2,01;0,75;2,58;0,37;0,55;0,14;8,79;-6,49;0;12,45;0,25;0;12.807.833.496,00
UHT;48,42;5,89;31,67;2,92;1,1;94,38;33,84;23,28;21,79;32,73;10,93;1,46;7,38;0;-1,1;0;9,21;3,47;5,36;0,38;0,62;0,15;4,61;-14,29;0;16,6;1,53;0;668.355.786,00
UMH;13,9;5,79;-99,31;1,51;0,62;52,38;10,97;-4,26;38,62;73,11;34,49;1,35;4,23;0;-0,62;0;-1,52;-0,62;1,63;0,41;0,59;0,15;11,69;0;0;9,2;-0,14;0;829.014.070,00
UNIT;3,48;17,24;-89,75;-0,36;0,17;100;30,91;-0,81;2,37;17,15;14,79;0;0,73;0;-0,17;0;-0,4;-0,19;11,31;-0,47;1,47;0,23;4,27;0;0;-9,58;-0,04;0;825.640.092,00
VER;50,3;0;51,85;1,83;0,92;89,6;40,92;19,16;24,28;26,51;2,23;0,17;9,93;0;-0,92;0;3,53;1,77;6,38;0,5;0,5;0,09;-4,22;0;0;27,47;0,97;0;11.526.224.880,00
VICI;31,17;4,81;27,99;1,43;0,83;100;64,56;42,97;18,63;26,56;7,93;0,61;12,03;0;-0,83;0;5,1;2,97;4,7;0,58;0,42;0,07;69,19;92,16;0;21,85;1,11;0;31.284.540.399,00
VNO;14,2;13,84;-6,93;0,47;0,17;51,45;-4,51;-21,84;-33,56;-118,5;-84,94;1,18;1,51;0;-0,17;0;-6,73;-2,38;-0,72;0,35;0,62;0,11;-2,89;0;0;30,44;-2,05;0;2.724.509.980,00
VTR;44,24;4,07;-396,78;1,74;0,73;44,81;9,25;-1,08;46,35;78,11;31,76;1,19;4,29;0;-0,73;0;-0,44;-0,18;1,63;0,42;0,57;0,17;2,91;0;0;25,38;-0,11;0;17.695.716.864,00
WELL;68,75;3,55;239,02;1,66;0,89;37,68;12,3;2,47;48,01;67,69;19,68;0,68;5,91;0;-0,89;0;0,7;0,37;2;0,54;0,45;0,15;6,12;-21,96;0;41,36;0,29;0;33.731.775.000,00
WHLR;1,54;0;-1,21;-0,99;0,02;66,43;28,23;-16,25;0,7;19,98;19,29;0;0,2;0;-0,02;0;-82,14;-1,82;4,72;-0,02;0,87;0,11;5,54;0;0;-1,55;-1,27;0;15.082.760,00
WHLRD;12,47;0;-9,81;-8,06;0,18;66,43;28,23;-16,25;5,64;19,98;19,29;0;1,59;0;-0,18;0;-82,14;-1,82;4,72;-0,02;0,87;0,11;5,54;0;0;-1,55;-1,27;0;15.082.760,00
WHLRP;1,45;0;-1,14;-0,94;0,02;66,43;28,23;-16,25;0,66;19,98;19,29;0;0,19;0;-0,02;0;-82,14;-1,82;4,72;-0,02;0,87;0,11;5,54;0;0;-1,55;-1,27;0;15.082.760,00
WMC;8,24;10,68;-0,56;0,52;0,02;0;0;0;0,95;38,84;37,89;20,96;0;0;-0,02;0;-93,96;-3,63;2,34;0,04;0,96;0;0;0;0;15,7;-14,75;0;49.753.120,00
WPC;77,65;5,46;27,3;1,82;0,9;89,59;57,15;40,51;19,35;28,08;8,73;0,82;11,06;0;-0,9;0;6,66;3,31;4,85;0,5;0,5;0,08;11,76;16,66;0;42,7;2,84;0;16.354.798.300,00
WPG;0,83;0;-0,07;0,05;0,01;58,45;-26,37;-55,13;-0,14;-7,32;-7,18;2,3;0,04;0;-0,01;0;-66,82;-7,43;-9,19;0,11;0,89;0,13;-10,66;0;0;18,33;-12,25;0;20.301.468,00
WRI;31,44;0;45,88;2,49;1,03;64,97;32;19,72;28,28;40,47;12,2;1,07;9,05;0;-1,03;0;5,42;2,25;4,15;0,41;0,59;0,11;-3,29;3,64;0;12,64;0,69;0;4.017.554.112,00
WSR;8,46;5,67;11,86;1;0,38;68,95;45,31;25,3;6,62;16,36;9,74;1,47;3;0;-0,38;0;8,43;3,2;5,96;0,38;0,62;0,13;2,05;33,45;0;8,47;0,71;0;418.127.040,00
WY;29,21;5,58;11,38;1,99;1,23;35,55;25,28;18,46;8,31;9,66;1,35;0,32;2,1;21,26;-1,47;1,58;17,49;10,84;13,61;0,62;0,38;0,59;7,19;26,43;0;14,68;2,57;0;21.391.855.870,00
XAN;4,34;0;-0,17;0,12;0,02;94,6;13,85;-353,64;4,3;153,69;149,39;4,16;0,6;0;-0,02;0;-71,03;-12,47;0,49;0,18;0,82;0,04;-6,24;-3,96;0;36,28;-25,77;0;38.012.324,00
XHR;12,91;1,55;25,74;1;0,47;61,32;14,29;5,61;10,1;17,63;7,54;0,75;1,44;-1,26;-0,55;0,29;3,88;1,82;4,87;0,47;0,53;0,32;1,08;-10,77;0;12,93;0,5;0;1.439.221.001,00
